"parameter","truth","med","width","cover","bias","sd","n_eff","lower","upper","mean"
"alpha1",0.0224158410470407,0.045,1.389,0.93,0.022,0.3544,1266.764,-0.651363756830853,0.737230576530189,0.0441768144714764
"alpha10",0.0451821469954552,-0.018,1.402,0.98,-0.063,0.3584,1244.287,-0.724156744336612,0.678023364239913,-0.0196107723274035
"alpha100",-0.00255440592553072,-0.004,0.982,0.97,-0.001,0.2508,1364.97,-0.49475819525591,0.487457473514285,-0.00374060221957561
"alpha101",0.00169912759608762,0.009,0.987,0.94,0.007,0.252,1352.873,-0.484939704040147,0.502468172508618,0.00877647376216867
"alpha102",0.00870204606618387,-0.011,0.991,0.95,-0.019,0.2528,1349.763,-0.505225088770328,0.485448156041304,-0.00993040243006311
"alpha103",0.0314394696102352,0.042,0.979,0.98,0.01,0.2502,1351.684,-0.446958365250871,0.531554907573909,0.042217966559113
"alpha104",-0.0410303143790348,-0.006,0.983,0.94,0.035,0.2508,1357.277,-0.495979438842013,0.486813846958615,-0.00644382401321177
"alpha105",0.0692800505134037,0.037,0.979,0.95,-0.032,0.2498,1388.074,-0.45334986091376,0.525796784677754,0.0369509693456917
"alpha106",-0.00750418734553812,-0.029,0.977,0.97,-0.022,0.2494,1359.033,-0.519743154457335,0.456849576478073,-0.0297096388145288
"alpha107",0.01332758131758,0.02,0.987,0.98,0.006,0.2518,1372.644,-0.473930591121856,0.512623384977787,0.0199824975908985
"alpha108",-0.0348039327705882,-0.046,0.987,0.96,-0.011,0.2525,1320.56,-0.541591981322312,0.445614391510536,-0.0464194919053646
"alpha109",0.0121595598948677,0.004,0.98,0.98,-0.008,0.2506,1378.77,-0.482971965155159,0.497499548949498,0.00486166073723321
"alpha11",0.0660074485696018,0.064,1.405,0.94,-0.002,0.3567,1225.39,-0.637547493998005,0.767574333832835,0.0634239690526679
"alpha110",0.0441649891965844,0.03,0.985,0.92,-0.015,0.2516,1338.008,-0.462827592156382,0.521854773478173,0.0298319633574698
"alpha111",-0.0271376978519978,-0.021,0.991,0.96,0.006,0.2524,1333.596,-0.515684191429383,0.474954381978829,-0.0215090852792257
"alpha112",-0.0624159142435197,-0.025,0.981,0.95,0.037,0.2506,1367.267,-0.515894671373681,0.464636140400376,-0.0256611705514503
"alpha113",0.0177237303043514,-0.018,0.984,0.95,-0.036,0.2514,1320.258,-0.509445812261946,0.474864889760238,-0.0176059787318191
"alpha114",-0.018647570969444,-0.013,0.991,0.97,0.006,0.2534,1285.418,-0.509580160949267,0.481610310167587,-0.0135093010582494
"alpha115",-0.0363752963060735,-0.037,0.979,0.95,0,0.2499,1382.777,-0.526204241198621,0.453143647656605,-0.0367387578368964
"alpha116",-0.0373918988930258,-0.032,0.985,0.94,0.005,0.2514,1331.147,-0.524579339595837,0.460644747775342,-0.032126987812057
"alpha117",-0.0605018789456851,-0.064,0.987,0.91,-0.004,0.252,1332.467,-0.556694879499406,0.43061005756605,-0.064522124819546
"alpha118",-0.0115222056760233,-0.013,0.983,0.95,-0.001,0.2511,1338.36,-0.502620872471249,0.480352536188436,-0.0128256314472093
"alpha119",0.0140948211072927,0.048,0.977,0.91,0.034,0.2497,1323.804,-0.441477858547067,0.53598134724964,0.0481145206313892
"alpha12",-0.0646013779463729,-0.006,1.396,0.96,0.058,0.3557,1263.607,-0.710510823121981,0.685657654276469,-0.00802675260180687
"alpha120",-0.0333255952477289,-0.018,0.99,0.91,0.015,0.2529,1334.554,-0.51222243851089,0.477347137271936,-0.0181960338414904
"alpha121",0.0442615828633278,0.009,0.979,0.92,-0.035,0.2502,1329.483,-0.478896986694335,0.500162937269603,0.00966684642881905
"alpha122",0.0153312462310165,0.008,0.986,0.91,-0.008,0.2513,1370.859,-0.484002221535646,0.501800132160011,0.00787097321817709
"alpha123",0.0559400298946288,0,0.986,0.89,-0.056,0.2514,1289.956,-0.493091208780389,0.492409522206351,-0.000394991785478014
"alpha124",-0.0244942508666603,-0.026,0.979,0.93,-0.001,0.25,1413.707,-0.514870705925675,0.46448372013594,-0.0257296834147314
"alpha125",-0.0648375146653215,-0.047,0.983,0.99,0.018,0.2505,1380.953,-0.538470705165941,0.444054043547979,-0.0470681768577645
"alpha126",0.00856149713317872,0.012,0.989,0.93,0.004,0.2529,1296.482,-0.482208383558019,0.506467065634994,0.0116396769700966
"alpha127",0.0643329429609495,0.022,0.982,0.91,-0.043,0.2507,1360.451,-0.467440036775104,0.514844521713399,0.0217140656907354
"alpha128",0.0465841069633936,0.073,0.979,0.98,0.027,0.2497,1356.701,-0.414528637440828,0.564475539829364,0.0732266293418754
"alpha129",-0.0574405062197313,-0.054,0.977,0.97,0.003,0.2498,1373.048,-0.543308293326723,0.433766726642833,-0.0544932273449742
"alpha13",-0.00476820632870194,-0.001,1.395,0.96,0.004,0.3545,1276.302,-0.701310024310008,0.693979273539546,-0.00199238448846765
"alpha130",-0.00409747133156139,-0.005,0.984,0.94,0,0.2511,1345.991,-0.497272949133854,0.486595591022927,-0.00452560774775897
"alpha131",0.00703019449010982,0.012,0.981,0.95,0.005,0.2506,1397.269,-0.479881951756145,0.500956466784383,0.01132819404752
"alpha132",-0.0278175732811394,0.029,0.985,0.95,0.057,0.2517,1328.777,-0.464508889744884,0.52095140491925,0.0292819143095636
"alpha133",0.126316607140879,0.116,0.988,0.95,-0.01,0.2516,1323.519,-0.37886577076226,0.608801538891435,0.115369947457446
"alpha134",0.0578715070888389,0.009,0.977,0.94,-0.049,0.2498,1385.807,-0.480813932054209,0.496680471272901,0.00875978635060165
"alpha135",-0.0809401206862612,-0.052,0.979,0.97,0.029,0.2506,1361.468,-0.541181454089035,0.438302711754088,-0.0516081323978399
"alpha136",-0.028387704106559,-0.022,0.981,0.96,0.006,0.251,1368.393,-0.511955488110642,0.469508329209502,-0.0223111566413482
"alpha137",-0.0459352659927535,-0.035,0.985,0.97,0.011,0.252,1333.59,-0.53052445697604,0.454683559574603,-0.0358924996675276
"alpha138",-0.0243043490659373,-0.001,0.976,0.92,0.023,0.2489,1394.232,-0.487630228621705,0.487884076434085,-0.000482750426133777
"alpha139",0.000936725894310755,-0.051,0.983,0.92,-0.052,0.2509,1382.832,-0.54230934432325,0.441052206064849,-0.050598061117223
"alpha14",-0.000548649550655556,0.038,1.391,0.99,0.038,0.3552,1260.373,-0.659711658763418,0.731173845025725,0.0374583409629568
"alpha140",0.00610002262205086,0.015,0.979,0.97,0.008,0.2497,1355.837,-0.473196846797699,0.505793836924325,0.0149825099339962
"alpha141",-0.017626739193814,-0.007,0.978,0.93,0.011,0.2501,1332.884,-0.496103371235108,0.481986226190917,-0.00654680110171616
"alpha142",-0.00842003056363513,-0.008,0.985,0.92,0.001,0.251,1335.627,-0.498998120973358,0.486111459256142,-0.00730709130760162
"alpha143",0.0740362792205535,0.063,0.982,0.92,-0.011,0.2506,1395.928,-0.428676137517306,0.55320897733517,0.062686669847782
"alpha144",0.0218385082788783,0.035,0.988,0.91,0.013,0.2526,1318.61,-0.458335587208593,0.530028567256866,0.0356781103189565
"alpha145",0.019709302749664,0.012,0.308,0.97,-0.008,0.0785,920.364,-0.14187475565459,0.165631780021898,0.0117185675878825
"alpha146",0.000675145946753632,0.005,0.309,0.92,0.004,0.0791,931.034,-0.149320183069977,0.159858728352529,0.00478558876456858
"alpha147",0.00661148231656889,0.003,0.306,0.98,-0.004,0.0782,915.354,-0.150889903883756,0.155402207728755,0.00288029363904554
"alpha148",0.019775739462998,0.025,0.308,0.96,0.005,0.0788,933.866,-0.129294246871561,0.178927878541702,0.0249765914523593
"alpha149",-0.00325679651139669,0,0.315,0.97,0.003,0.0801,933.555,-0.157857937358525,0.156756512495465,-0.000114936057342144
"alpha15",-0.0205105249530733,-0.076,1.401,0.91,-0.055,0.3568,1250.893,-0.784854446503464,0.616506449067643,-0.0786199179289341
"alpha150",-0.0125326761956324,-0.008,0.319,0.96,0.005,0.0815,922.164,-0.166899788391419,0.151812315927666,-0.00765715433894011
"alpha151",-0.0265891313414401,-0.032,0.31,0.97,-0.005,0.0792,931.94,-0.187056556769371,0.122620321755102,-0.0321753633259131
"alpha152",-0.016320686014739,-0.032,0.304,0.94,-0.016,0.0779,918.915,-0.184243777937857,0.120070334342471,-0.0318416745578568
"alpha153",-0.0326420939446502,-0.022,0.318,0.95,0.01,0.0809,929.898,-0.181219447366562,0.136441871635565,-0.0224496998251498
"alpha154",-0.00812587698570758,-0.002,0.306,0.95,0.006,0.0784,971.354,-0.155093462105716,0.15132731984075,-0.00202118858047566
"alpha155",-0.00376031478072493,-0.013,0.306,0.99,-0.009,0.0783,909.961,-0.165773694187213,0.140591430810061,-0.0129919832034333
"alpha156",0.00492664541891698,0.016,0.306,0.98,0.011,0.0782,899.064,-0.136724786231351,0.169207267034394,0.0163324139552392
"alpha157",0.0233359135109433,0.024,0.31,0.97,0.001,0.079,947.43,-0.131391127427218,0.178428938961051,0.0237185131732805
"alpha158",0.0109943845869508,0.004,0.306,0.94,-0.007,0.0783,922.143,-0.149405119810501,0.156918847738924,0.00381643824730741
"alpha159",0.0416472165921092,0.039,0.306,0.98,-0.003,0.0782,915.224,-0.114582291253742,0.191069806128676,0.0389790060590775
"alpha16",-0.0462372921104601,0.005,1.393,0.97,0.051,0.3565,1228.519,-0.694687144567773,0.697859336906421,0.00461409464447971
"alpha160",0.0103081402324592,0.003,0.307,0.95,-0.007,0.0782,919.246,-0.150496444629451,0.156616823713658,0.00313945658649198
"alpha161",0.00118492872536302,0.012,0.315,0.96,0.011,0.0805,959.473,-0.146011812000937,0.169229812933007,0.0121008433035246
"alpha162",0.00327829514384382,0,0.309,0.93,-0.004,0.0787,933.59,-0.154129944745762,0.155040973455825,-0.000175890384839736
"alpha163",0.00627671291124957,0.002,0.307,0.98,-0.004,0.0787,927.8,-0.151304554711134,0.156153350737072,0.00223433514148678
"alpha164",-0.0147240149865492,-0.019,0.301,0.98,-0.004,0.0769,893.654,-0.169356313638105,0.131391818559521,-0.0186077673588258
"alpha165",-0.0148266313659762,-0.016,0.309,0.96,-0.001,0.0789,925.015,-0.170721004993001,0.138704187167641,-0.0160575910064912
"alpha166",0.0065581250770586,0,0.302,0.95,-0.007,0.077,930.647,-0.151354499788581,0.150310784881185,0.000134423534499886
"alpha167",-6.49092267029754e-05,-0.006,0.307,0.94,-0.006,0.0786,919.217,-0.159913978933,0.147437117378696,-0.00608668839953997
"alpha168",-0.0234456030442162,-0.023,0.304,0.97,0,0.0775,908.89,-0.174902060151434,0.128731528858057,-0.0232234017187704
"alpha169",0.0119951349258308,0.012,0.308,0.94,0,0.0786,922.401,-0.141464623921662,0.166208059696776,0.0118993875833473
"alpha17",-0.0222985336126186,-0.015,1.402,0.99,0.007,0.3557,1238.797,-0.720324487274538,0.681729135760694,-0.0157611757264913
"alpha170",-0.0270294264928793,-0.023,0.309,0.96,0.004,0.079,954.515,-0.177446213444186,0.131839482961707,-0.023123975037823
"alpha171",-0.0050673127065294,0.009,0.31,0.95,0.014,0.079,929.151,-0.146428398475602,0.163435047775401,0.00864288579949944
"alpha172",0.00720480788347947,0.004,0.31,0.93,-0.004,0.0792,924.575,-0.151572926676764,0.1584240225006,0.00383644755488553
"alpha173",0.0372287808415713,0.033,0.311,0.96,-0.004,0.0793,934.162,-0.122276896308608,0.188598816966273,0.0332594883670827
"alpha174",-0.0205501935275954,-0.02,0.3,0.94,0.001,0.0768,894.152,-0.169823525508893,0.130649153615871,-0.0196754581609994
"alpha175",0.00398470425979032,0.014,0.3,0.92,0.011,0.0768,925.225,-0.135576730544703,0.164327005380423,0.0144859452222931
"alpha176",0.0223314178035098,0.01,0.307,0.94,-0.012,0.0785,935.938,-0.143218296931537,0.163689265149201,0.0102492639246063
"alpha177",0.0116855526694543,0.001,0.307,0.96,-0.01,0.0783,906.604,-0.151201305563497,0.155307766735838,0.00150803465158366
"alpha178",-0.00848901362295586,-0.012,0.31,0.95,-0.003,0.0791,924.91,-0.166124755713266,0.143730622701211,-0.0116256594841736
"alpha179",-0.0293168442162087,-0.035,0.304,0.93,-0.006,0.0776,919.298,-0.186952517304473,0.116714970734363,-0.0352044912175914
"alpha18",0.00240477985257128,-0.024,1.416,0.98,-0.026,0.3608,1220.325,-0.740127215766263,0.675768279743127,-0.0266970583839152
"alpha180",0.0356059127419747,0.015,0.306,0.92,-0.02,0.0783,905.095,-0.136916917996843,0.168706841420835,0.015457085574152
"alpha181",0.013805895940422,0.011,0.312,0.96,-0.002,0.0795,931.131,-0.143890859281424,0.167979429159752,0.0114484569772482
"alpha182",0.00958829893085809,0.017,0.315,0.95,0.008,0.0806,958.975,-0.140473206069067,0.174519693110136,0.0172676639234541
"alpha183",0.0188843553301194,0.004,0.308,0.94,-0.015,0.0786,934.42,-0.150402035928721,0.157983712002596,0.00387553584802132
"alpha184",0.0194764250847295,0.011,0.313,0.95,-0.008,0.0798,942.482,-0.145359734058331,0.167836531413563,0.0111336906196321
"alpha185",-0.014751610064752,-0.022,0.304,0.93,-0.007,0.0774,882.675,-0.173797816821544,0.129948470325191,-0.0217533929712712
"alpha186",0.0101330843972582,0.004,0.307,0.93,-0.006,0.0783,934.039,-0.149370971756964,0.157167833804052,0.00379314277859624
"alpha187",0.00428531955351116,0.014,0.312,0.95,0.01,0.0798,956.513,-0.142903081460113,0.169068499978944,0.0134634360036788
"alpha188",-0.00865938394505641,-0.011,0.304,0.93,-0.003,0.0777,918.056,-0.163434292093338,0.140527997321404,-0.0114018893772093
"alpha189",-0.00153468204871114,-0.007,0.312,0.97,-0.005,0.0799,942.469,-0.162589197312984,0.149799504459927,-0.00673417987371561
"alpha19",-0.023991851429045,-0.059,1.401,0.98,-0.035,0.3576,1216.131,-0.768080438287408,0.633306537543442,-0.0607365890524795
"alpha190",0.0196256460593764,0.024,0.307,0.97,0.004,0.0785,936.44,-0.13007563909168,0.176654014065572,0.0237112973739784
"alpha191",-0.0103144381916975,-0.011,0.315,0.9,0,0.0803,945.691,-0.168336208311439,0.146682157048763,-0.010848915776438
"alpha192",0.000558289249739441,-0.003,0.312,0.93,-0.004,0.08,931.974,-0.159586977041401,0.152807699044935,-0.00315005721386539
"alpha2",-0.0162902707168226,-0.043,1.406,0.91,-0.027,0.3577,1215.009,-0.74883367238104,0.656868812260079,-0.0433880912149973
"alpha20",0.0283955549081778,0.026,1.413,0.91,-0.002,0.359,1217.191,-0.680541061242555,0.732477538550295,0.0256782907389991
"alpha21",0.0145180137208188,-0.012,1.409,0.95,-0.026,0.3579,1254.274,-0.721244547525495,0.688204281453571,-0.012349237153105
"alpha22",0.0485438355856377,0.009,1.404,0.96,-0.039,0.358,1234.303,-0.697908480323909,0.705942481305061,0.00894007069735442
"alpha23",0.0250405796579443,0.006,1.411,0.94,-0.019,0.3587,1218.627,-0.705001499659715,0.705935920342267,0.00534049243243416
"alpha24",0.110630688595492,0.012,1.398,0.93,-0.099,0.3552,1219.77,-0.686820280250939,0.711213101747622,0.0118940810923484
"alpha25",-0.0192725573568969,-0.027,1.395,0.97,-0.008,0.3549,1264.663,-0.729963198393248,0.664605412419762,-0.0281064638347336
"alpha26",-0.0100415620786528,0.042,1.405,0.99,0.052,0.3577,1243.393,-0.666559797636424,0.73858439146503,0.0406313391585099
"alpha27",0.0466785945456882,0.006,1.394,0.96,-0.04,0.3558,1243.513,-0.68974526184089,0.703984239341854,0.00692268572934384
"alpha28",-0.0268886563727377,-0.012,1.415,0.97,0.015,0.3603,1199.958,-0.72862056031002,0.686098068835526,-0.0141851017460772
"alpha29",-0.00355853750032842,0.036,1.401,0.95,0.039,0.3558,1247.242,-0.667499773066733,0.733373365214385,0.0356053063993958
"alpha3",-0.0303039610800607,-0.064,1.404,0.94,-0.034,0.357,1229.734,-0.771249216519973,0.632657992262979,-0.0650386615609906
"alpha30",-0.0166487450528535,0.025,1.405,0.93,0.042,0.3575,1221.48,-0.679936016344581,0.724800450456244,0.0248691317985506
"alpha31",0.00646031595033822,0.005,1.4,0.97,-0.001,0.3566,1261.094,-0.699944721027424,0.700113708489718,0.00310883735293661
"alpha32",0.0270426047561263,0.07,1.387,0.96,0.042,0.3532,1288.735,-0.626420960636897,0.760314016867128,0.0687805194653551
"alpha33",-0.0513681292442509,-0.003,1.392,0.97,0.049,0.3544,1264.357,-0.705374015669505,0.686357058875724,-0.00415601020456329
"alpha34",-0.0435507443925686,-0.019,1.41,0.89,0.025,0.3581,1226.227,-0.728346685816063,0.681766119821538,-0.0196571501815008
"alpha35",0.0808644284026574,0.025,1.394,0.95,-0.056,0.3548,1268.603,-0.678184799135443,0.71537205912968,0.0236384291063845
"alpha36",-0.0382117541853267,-0.059,1.408,0.95,-0.021,0.3588,1240.997,-0.771365558518207,0.636273089464976,-0.0603371446362971
"alpha37",0.0369311217085298,0.001,1.406,0.95,-0.036,0.3577,1218.133,-0.701793946843208,0.704026997753259,0.00109548762754177
"alpha38",0.024628650486476,0.032,1.38,0.96,0.007,0.3523,1283.653,-0.661191966668286,0.718945250069006,0.0311906186450924
"alpha39",0.0175002036571663,0.003,1.41,0.9,-0.014,0.3589,1209.214,-0.706104187414366,0.703411953162965,0.00177424762562514
"alpha4",-0.00209398405781384,-0.018,1.411,0.96,-0.016,0.3591,1231.898,-0.733027863509404,0.678080264215802,-0.0205124029398278
"alpha40",0.0316995295090327,0.007,1.408,0.95,-0.024,0.3581,1226.169,-0.699362112854101,0.709005601633039,0.00739932761701143
"alpha41",0.0264871476683808,0.013,1.403,0.92,-0.013,0.3573,1251.603,-0.692677331179359,0.710489862175383,0.0118112295741332
"alpha42",-0.0483734115015077,-0.048,1.394,0.99,0,0.3553,1246.986,-0.754067267636221,0.639996135486297,-0.0506937566774494
"alpha43",-0.0271968543319057,-0.055,1.405,0.96,-0.027,0.357,1237.197,-0.766245611256131,0.639205819808265,-0.0567435197507007
"alpha44",0.013479169492637,0.041,1.384,0.89,0.027,0.3534,1227.705,-0.652170546917204,0.731579498963191,0.0402446169854495
"alpha45",-0.052465303142584,-0.041,1.414,0.97,0.011,0.3599,1221.816,-0.753244081941543,0.660283686383602,-0.0425706224453373
"alpha46",0.0222902127594018,-0.007,1.411,0.94,-0.029,0.3595,1242.335,-0.713074872756366,0.698136555723956,-0.00774593962184524
"alpha47",0.0356430636762513,0.008,1.397,0.96,-0.028,0.3548,1264.188,-0.694480917397721,0.702253555908451,0.00710100496079332
"alpha48",-0.00194945117416985,0.043,1.404,0.95,0.045,0.3581,1216.302,-0.663026666929146,0.741372049006037,0.0413922598701386
"alpha49",0.00145091861672303,-0.006,0.496,0.96,-0.007,0.1267,808.791,-0.250534911692899,0.245013137039684,-0.00467147315108263
"alpha5",-0.06546229797094,-0.043,1.402,0.96,0.023,0.3574,1280.03,-0.752137767161136,0.64938811944387,-0.0446114961725483
"alpha50",0.0127874697107856,0.015,0.506,0.92,0.002,0.1294,799.234,-0.233380876893409,0.272444339887706,0.0165019232619882
"alpha51",0.00443416038873721,0.009,0.499,0.95,0.004,0.1275,799.552,-0.23757736843938,0.261533301378196,0.00945892605237462
"alpha52",-0.0352884416146494,-0.036,0.501,0.96,-0.001,0.1278,790.087,-0.28608275734562,0.215286755924157,-0.0363655208099842
"alpha53",0.0236404679971985,0.018,0.497,0.94,-0.006,0.1267,880.821,-0.226188671150389,0.270688309685581,0.0190360941208937
"alpha54",-0.0281814600660338,-0.013,0.51,0.94,0.015,0.1301,830.402,-0.266565296603184,0.242945468202921,-0.0128857446647019
"alpha55",0.00949672113252517,0,0.494,0.95,-0.009,0.1258,847.502,-0.241050413026193,0.253165928721758,0.00155343150447712
"alpha56",0.000684047609505942,0,0.499,0.97,-0.001,0.1272,796.909,-0.243225484212675,0.25621510930739,0.00152699220842498
"alpha57",-0.00621315945849334,-0.002,0.527,0.95,0.004,0.1345,770.284,-0.259728172688564,0.267647781531538,-0.000263547503774516
"alpha58",0.000664337972016385,0.004,0.498,0.97,0.003,0.1272,812.886,-0.239093505688359,0.258741058314652,0.00525643808318964
"alpha59",0.0299030118447201,0.029,0.503,0.98,-0.001,0.1282,795.562,-0.217829995224619,0.285286684888268,0.0300799458873907
"alpha6",0.0804057657644499,0.046,1.401,0.92,-0.035,0.3564,1244.782,-0.65811829473568,0.74289106983002,0.044000273251607
"alpha60",-0.00749611211118351,-0.013,0.493,0.96,-0.005,0.1254,817.795,-0.254369424830174,0.238728486514062,-0.01100171169345
"alpha61",0.0170797831437649,0.001,0.492,0.98,-0.016,0.1252,860.565,-0.240332043552501,0.252063930878638,0.0023552577342076
"alpha62",0.0251825600986534,0.002,0.498,0.98,-0.023,0.1275,827.947,-0.24470447077685,0.253366322978416,0.00316266314917202
"alpha63",-0.0223828233998213,0,0.495,0.92,0.022,0.126,811.437,-0.243427539532407,0.251092163314222,0.00114817642450167
"alpha64",-0.0210900781928119,-0.03,0.488,0.98,-0.009,0.1241,864.946,-0.272861480004315,0.21473120335432,-0.0295107095323715
"alpha65",-0.0199732092395906,-0.009,0.514,0.93,0.011,0.1305,789.644,-0.263661710429003,0.25013088671316,-0.00832044993493406
"alpha66",0.00299796529898905,0.012,0.507,0.96,0.009,0.1296,777.853,-0.235045944430441,0.272419046350472,0.0132466607835138
"alpha67",-0.00647723411605085,-0.008,0.509,0.96,-0.001,0.1298,789.819,-0.260283161195422,0.248930220487387,-0.00715627747060424
"alpha68",0.012915669718588,0.005,0.489,0.93,-0.008,0.1249,799.577,-0.234753437614333,0.254641157978998,0.00684130845833729
"alpha69",-0.0392232081515915,-0.034,0.51,0.97,0.005,0.1302,804.618,-0.286073043031035,0.224234322178727,-0.0334355799867151
"alpha7",-0.0257634630406582,-0.001,1.394,0.95,0.025,0.3552,1228.738,-0.705900981764873,0.687798138389622,-0.00279411534377185
"alpha70",0.00683405220231086,0.009,0.497,0.94,0.003,0.1265,790.731,-0.23389434327493,0.263539511815241,0.0110618280650231
"alpha71",0.0104562705787431,0.019,0.51,0.98,0.008,0.13,800.767,-0.230074708777642,0.279818654266142,0.0201421422006497
"alpha72",-0.0211320330423876,0.006,0.477,0.94,0.027,0.1219,820.384,-0.227176490994491,0.2499853170254,0.00738785772016374
"alpha73",0.0160714567666279,0.01,0.514,0.96,-0.006,0.1311,796.5,-0.240758551223628,0.272897785516263,0.012012835405831
"alpha74",-0.00211433885772526,-0.021,0.504,0.96,-0.019,0.1287,813.031,-0.271854108560802,0.232098438996174,-0.0207780453679559
"alpha75",-0.000696611796153585,0,0.503,0.96,0,0.1281,826.22,-0.246442932105203,0.256942358631961,0.000890045786973375
"alpha76",-0.011651951902144,-0.011,0.51,0.93,0.001,0.13,783.509,-0.261145183719173,0.249219692774882,-0.0102876747874057
"alpha77",0.0101873492627689,-0.002,0.512,0.98,-0.012,0.1302,825.027,-0.253439480642682,0.258066026139123,-0.000403789303067995
"alpha78",-0.00292176641815354,-0.008,0.497,0.94,-0.005,0.1272,780.292,-0.252216820672366,0.244287353519342,-0.00675060987795636
"alpha79",0.0115929247730122,0.006,0.497,0.96,-0.006,0.1265,762.114,-0.237763748788341,0.259079175826805,0.00672261523677987
"alpha8",0.0103681220649985,0.034,1.398,0.9,0.023,0.3552,1276.287,-0.666689735064383,0.731098060090705,0.0335645989448021
"alpha80",0.000725358922204077,-0.02,0.502,0.93,-0.021,0.1278,806.958,-0.268233412665845,0.233713069148074,-0.0188048103195275
"alpha81",0.00162979291664708,-0.004,0.5,0.94,-0.005,0.1278,806.826,-0.24695982359396,0.25285790667411,-0.00194542879880366
"alpha82",0.0407768562006772,0.032,0.522,0.97,-0.008,0.1329,762.18,-0.220071688074979,0.301461490046757,0.034646588156976
"alpha83",-0.00499709570831689,0.011,0.496,0.93,0.016,0.1262,787.984,-0.231195785082807,0.264461563042201,0.0126569164466548
"alpha84",-0.0464334910290286,-0.036,0.502,0.97,0.011,0.1281,787.768,-0.286897640815465,0.214893582740254,-0.0361922294213264
"alpha85",-0.00512549018791457,-0.002,0.502,0.94,0.003,0.1278,822.576,-0.250119164177888,0.251944295071914,-0.000957586803500165
"alpha86",-0.0020204483251752,0.007,0.494,0.98,0.009,0.1255,833.367,-0.234912409913853,0.258989863483538,0.00881698561843386
"alpha87",0.00101646199660054,-0.012,0.496,0.91,-0.014,0.1268,804.079,-0.258365801954865,0.2379876523197,-0.0118044204451794
"alpha88",0.04169455413773,0.043,0.515,0.95,0.001,0.1309,809.729,-0.206073182283244,0.309016008426158,0.0448280860561511
"alpha89",-0.00712726941802482,-0.007,0.504,0.94,0,0.1285,775.479,-0.255631005922295,0.247969584211819,-0.00632724919384712
"alpha9",0.0698295413981204,0.048,1.392,0.94,-0.022,0.3551,1259.75,-0.652045959579436,0.739930739560166,0.046723976064065
"alpha90",0.00802607100740454,0.007,0.488,0.95,-0.001,0.1243,865.523,-0.231939086888475,0.256239306540399,0.00842622184379197
"alpha91",-0.0463902769234883,-0.032,0.5,0.95,0.015,0.1273,850.084,-0.281638371168264,0.21883817255691,-0.0317251239042263
"alpha92",0.0463872535750094,0.056,0.512,0.93,0.01,0.1306,770.734,-0.188433839801893,0.323361869987581,0.0585135110144537
"alpha93",-0.0323514968593745,-0.032,0.511,0.98,0,0.1307,765.988,-0.287372902046848,0.22361162235348,-0.0319514864739959
"alpha94",-0.0171834941396699,-0.018,0.503,0.96,-0.001,0.1285,785.52,-0.26743099272354,0.235727992113951,-0.0178282114152873
"alpha95",0.0167775437927999,-0.002,0.496,0.95,-0.019,0.1262,858.121,-0.247988796033727,0.248261750065783,-0.00154327731141476
"alpha96",0.00404561464642342,-0.007,0.514,0.94,-0.011,0.1307,802.161,-0.260549552197069,0.253358159376059,-0.00651197491858599
"alpha97",0.00224998629776098,0.027,0.982,0.96,0.025,0.2502,1409.652,-0.462504130954217,0.519541844448535,0.0274433304187172
"alpha98",0.0509351196051347,0.023,0.986,0.92,-0.027,0.2516,1339.751,-0.470720784338728,0.515342514776748,0.023031690741458
"alpha99",0.0382605800284761,0.014,0.979,0.97,-0.025,0.2504,1358.316,-0.475690789140301,0.503570510577553,0.0143449725310522
"ar_1",0.35,0.356,0.359,0.95,0.006,0.0919,151.126,0.174596888370957,0.533544236336993,0.355691398773742
"beta1",0.5,0.5,0.442,0.98,0,0.1124,877.384,0.277009248461735,0.718691193175556,0.499471795241174
"beta2",0.18,0.186,0.182,0.98,0.006,0.0464,277.947,0.0998571818500673,0.28210572640708,0.187022753457118
"beta3",0.05,0.043,0.31,0.93,-0.007,0.079,832.233,-0.111406742950103,0.198100921836989,0.0430932121545187
"beta4",0.1,0.104,0.129,0.94,0.004,0.0328,282.243,0.0393631797083008,0.168204987999608,0.103703614390306
"cuts4",1.5,1.533,0.353,0.93,0.033,0.0903,155.607,1.38159276507975,1.73438688502663,1.53962379246254
"cuts5",1.9,1.962,0.535,0.94,0.062,0.1365,116.754,1.73068120618519,2.26593738807084,1.97105516299588
"sig_alpha1",0.22,0.273,0.431,0.93,0.053,0.1118,621.932,0.127494017976154,0.558615798454171,0.291187055508683
"sig_alpha11",0.18,0.191,0.242,0.93,0.011,0.0621,969.862,0.09985764855763,0.341865997746395,0.198668723475142
"sig_alpha16",0.04,0.042,0.041,0.94,0.002,0.0106,1474.823,0.0268546111505521,0.0679854463091918,0.0434666582644064
"sig_alpha3",0.075,0.064,0.23,0.96,-0.011,0.058,960.049,-0.035787043137473,0.194183286634861,0.0682996504820782
"sig_alpha6",0.05,0.057,0.086,0.95,0.007,0.0224,190.21,0.0285523641691349,0.1148481836706,0.060955352122546
"sig_alpha8",0.005,0.006,0.038,0.96,0.001,0.0096,963.213,-0.012113939569317,0.0259231046513669,0.00591394387616602
"sigma1",0.3,0.329,0.311,0.95,0.029,0.0801,141.646,0.213090686349799,0.523629700653536,0.339184897663323
"sigma2",0.025,0.026,0.082,0.97,0.001,0.0208,541.229,-0.0115832020490416,0.0708490562419956,0.0271763957144702
"sigma3",0.025,0.026,0.082,0.97,0.001,0.0208,541.229,-0.0115832020490416,0.0708490562419956,0.0271763957144702
"sigma4",0.13,0.137,0.092,0.94,0.007,0.0236,207.577,0.10344395703863,0.19522090630257,0.140454729706297
